{
  "youth": [
    {
      "id": "1",
      "first_name": "Gigi",
      "last_name": "Wiltshire",
      "email": "gwiltshire0@nydailynews.com",
      "gender": "Female"
    },
    {
      "id": "2",
      "first_name": "Melodee",
      "last_name": "Croser",
      "email": "mcroser1@google.com.au",
      "gender": "Female"
    },
    {
      "id": "3",
      "first_name": "Angel",
      "last_name": "Gathercole",
      "email": "agathercole2@networkadvertising.org",
      "gender": "Male"
    },
    {
      "id": "4",
      "first_name": "Karola",
      "last_name": "Trussler",
      "email": "ktrussler3@techcrunch.com",
      "gender": "Female"
    },
    {
      "id": "5",
      "first_name": "Park",
      "last_name": "Sproul",
      "email": "psproul4@wufoo.com",
      "gender": "Female"
    },
    {
      "id": "6",
      "first_name": "Goldy",
      "last_name": "Tribe",
      "email": "gtribe5@nih.gov",
      "gender": "Female"
    },
    {
      "id": "7",
      "first_name": "Elisha",
      "last_name": "Budge",
      "email": "ebudge6@histats.com",
      "gender": "Male"
    },
    {
      "id": "8",
      "first_name": "Adah",
      "last_name": "Huske",
      "email": "ahuske7@shop-pro.jp",
      "gender": "Female"
    },
    {
      "id": "9",
      "first_name": "Eve",
      "last_name": "Mackro",
      "email": "emackro8@smugmug.com",
      "gender": "Female"
    },
    {
      "id": "10",
      "first_name": "Kalvin",
      "last_name": "Wisniowski",
      "email": "kwisniowski9@e-recht24.de",
      "gender": "Male"
    },
    {
      "id": "11",
      "first_name": "Gill",
      "last_name": "Giorgietto",
      "email": "ggiorgiettoa@ca.gov",
      "gender": "Male"
    }
  ]
}